"LOCATION","INDICATOR","SUBJECT","MEASURE","FREQUENCY","TIME","Value","Flag Codes"
"AUS","TRADEGOOD","EXP","PC_CHGPP","A","2008",31.57064,
"AUS","TRADEGOOD","EXP","PC_CHGPP","A","2009",-16.78958,
"AUS","TRADEGOOD","EXP","PC_CHGPP","A","2010",37.18165,
"AUS","TRADEGOOD","EXP","PC_CHGPP","A","2011",27.35644,
"AUS","TRADEGOOD","EXP","PC_CHGPP","A","2012",-4.837427,
"AUS","TRADEGOOD","EXP","PC_CHGPP","A","2013",-1.565864,
"AUS","TRADEGOOD","EXP","PC_CHGPP","A","2014",-4.838842,
"AUS","TRADEGOOD","EXP","PC_CHGPP","A","2015",-21.76199,
"AUS","TRADEGOOD","EXP","PC_CHGPP","A","2016",2.0518,
"AUS","TRADEGOOD","EXP","PC_CHGPP","A","2017",20.28536,
"AUS","TRADEGOOD","EXP","PC_CHGPP","A","2018",11.32584,
"AUS","TRADEGOOD","EXP","PC_CHGPP","A","2019",5.352668,
"AUS","TRADEGOOD","EXP","PC_CHGPP","A","2020",-7.531787,
"AUT","TRADEGOOD","EXP","PC_CHGPP","A","2008",9.806828,
"AUT","TRADEGOOD","EXP","PC_CHGPP","A","2009",-24.12115,
"AUT","TRADEGOOD","EXP","PC_CHGPP","A","2010",10.8847,
"AUT","TRADEGOOD","EXP","PC_CHGPP","A","2011",16.959,
"AUT","TRADEGOOD","EXP","PC_CHGPP","A","2012",-5.713388,
"AUT","TRADEGOOD","EXP","PC_CHGPP","A","2013",4.656353,
"AUT","TRADEGOOD","EXP","PC_CHGPP","A","2014",2.142764,
"AUT","TRADEGOOD","EXP","PC_CHGPP","A","2015",-14.5352,
"AUT","TRADEGOOD","EXP","PC_CHGPP","A","2016",-0.4801286,
"AUT","TRADEGOOD","EXP","PC_CHGPP","A","2017",11.33554,
"AUT","TRADEGOOD","EXP","PC_CHGPP","A","2018",9.440999,
"AUT","TRADEGOOD","EXP","PC_CHGPP","A","2019",-3.628143,
"AUT","TRADEGOOD","EXP","PC_CHGPP","A","2020",-5.369638,
"BEL","TRADEGOOD","EXP","PC_CHGPP","A","2008",8.961796,
"BEL","TRADEGOOD","EXP","PC_CHGPP","A","2009",-21.20881,
"BEL","TRADEGOOD","EXP","PC_CHGPP","A","2010",9.914857,
"BEL","TRADEGOOD","EXP","PC_CHGPP","A","2011",16.94059,
"BEL","TRADEGOOD","EXP","PC_CHGPP","A","2012",-6.204708,
"BEL","TRADEGOOD","EXP","PC_CHGPP","A","2013",5.011236,
"BEL","TRADEGOOD","EXP","PC_CHGPP","A","2014",0.4479626,
"BEL","TRADEGOOD","EXP","PC_CHGPP","A","2015",-15.869,
"BEL","TRADEGOOD","EXP","PC_CHGPP","A","2016",0.310583,
"BEL","TRADEGOOD","EXP","PC_CHGPP","A","2017",8.571864,
"BEL","TRADEGOOD","EXP","PC_CHGPP","A","2018",8.564237,
"BEL","TRADEGOOD","EXP","PC_CHGPP","A","2019",-4.515096,
"BEL","TRADEGOOD","EXP","PC_CHGPP","A","2020",-5.888118,
"CAN","TRADEGOOD","EXP","PC_CHGPP","A","2008",8.621658,
"CAN","TRADEGOOD","EXP","PC_CHGPP","A","2009",-30.66164,
"CAN","TRADEGOOD","EXP","PC_CHGPP","A","2010",22.42133,
"CAN","TRADEGOOD","EXP","PC_CHGPP","A","2011",16.56511,
"CAN","TRADEGOOD","EXP","PC_CHGPP","A","2012",0.8956728,
"CAN","TRADEGOOD","EXP","PC_CHGPP","A","2013",0.5829754,
"CAN","TRADEGOOD","EXP","PC_CHGPP","A","2014",4.098141,
"CAN","TRADEGOOD","EXP","PC_CHGPP","A","2015",-13.96926,
"CAN","TRADEGOOD","EXP","PC_CHGPP","A","2016",-4.989387,
"CAN","TRADEGOOD","EXP","PC_CHGPP","A","2017",7.902374,
"CAN","TRADEGOOD","EXP","PC_CHGPP","A","2018",7.158388,
"CAN","TRADEGOOD","EXP","PC_CHGPP","A","2019",-1.029118,
"CAN","TRADEGOOD","EXP","PC_CHGPP","A","2020",-12.34845,
"CZE","TRADEGOOD","EXP","PC_CHGPP","A","2008",18.77093,
"CZE","TRADEGOOD","EXP","PC_CHGPP","A","2009",-22.31257,
"CZE","TRADEGOOD","EXP","PC_CHGPP","A","2010",16.99784,
"CZE","TRADEGOOD","EXP","PC_CHGPP","A","2011",22.54664,
"CZE","TRADEGOOD","EXP","PC_CHGPP","A","2012",-3.131192,
"CZE","TRADEGOOD","EXP","PC_CHGPP","A","2013",3.108562,
"CZE","TRADEGOOD","EXP","PC_CHGPP","A","2014",7.684852,
"CZE","TRADEGOOD","EXP","PC_CHGPP","A","2015",-9.4631,
"CZE","TRADEGOOD","EXP","PC_CHGPP","A","2016",2.582206,
"CZE","TRADEGOOD","EXP","PC_CHGPP","A","2017",12.02397,
"CZE","TRADEGOOD","EXP","PC_CHGPP","A","2018",10.9892,
"CZE","TRADEGOOD","EXP","PC_CHGPP","A","2019",-1.350779,
"CZE","TRADEGOOD","EXP","PC_CHGPP","A","2020",-3.986606,
"DNK","TRADEGOOD","EXP","PC_CHGPP","A","2008",13.75569,
"DNK","TRADEGOOD","EXP","PC_CHGPP","A","2009",-20.6422,
"DNK","TRADEGOOD","EXP","PC_CHGPP","A","2010",3.880121,
"DNK","TRADEGOOD","EXP","PC_CHGPP","A","2011",17.42251,
"DNK","TRADEGOOD","EXP","PC_CHGPP","A","2012",-5.60282,
"DNK","TRADEGOOD","EXP","PC_CHGPP","A","2013",4.044599,
"DNK","TRADEGOOD","EXP","PC_CHGPP","A","2014",0.3600439,
"DNK","TRADEGOOD","EXP","PC_CHGPP","A","2015",-14.50443,
"DNK","TRADEGOOD","EXP","PC_CHGPP","A","2016",-0.6417319,
"DNK","TRADEGOOD","EXP","PC_CHGPP","A","2017",7.597874,
"DNK","TRADEGOOD","EXP","PC_CHGPP","A","2018",7.359606,
"DNK","TRADEGOOD","EXP","PC_CHGPP","A","2019",1.401118,
"DNK","TRADEGOOD","EXP","PC_CHGPP","A","2020",-2.78296,
"FIN","TRADEGOOD","EXP","PC_CHGPP","A","2008",6.942813,
"FIN","TRADEGOOD","EXP","PC_CHGPP","A","2009",-34.91743,
"FIN","TRADEGOOD","EXP","PC_CHGPP","A","2010",10.04282,
"FIN","TRADEGOOD","EXP","PC_CHGPP","A","2011",14.36344,
"FIN","TRADEGOOD","EXP","PC_CHGPP","A","2012",-7.052147,
"FIN","TRADEGOOD","EXP","PC_CHGPP","A","2013",1.650887,
"FIN","TRADEGOOD","EXP","PC_CHGPP","A","2014",-0.3436778,
"FIN","TRADEGOOD","EXP","PC_CHGPP","A","2015",-19.49812,
"FIN","TRADEGOOD","EXP","PC_CHGPP","A","2016",-3.326049,
"FIN","TRADEGOOD","EXP","PC_CHGPP","A","2017",17.70769,
"FIN","TRADEGOOD","EXP","PC_CHGPP","A","2018",11.45153,
"FIN","TRADEGOOD","EXP","PC_CHGPP","A","2019",-2.896314,
"FIN","TRADEGOOD","EXP","PC_CHGPP","A","2020",-10.28395,
"FRA","TRADEGOOD","EXP","PC_CHGPP","A","2008",9.865029,
"FRA","TRADEGOOD","EXP","PC_CHGPP","A","2009",-21.2212,
"FRA","TRADEGOOD","EXP","PC_CHGPP","A","2010",7.299498,
"FRA","TRADEGOOD","EXP","PC_CHGPP","A","2011",14.37871,
"FRA","TRADEGOOD","EXP","PC_CHGPP","A","2012",-4.424405,
"FRA","TRADEGOOD","EXP","PC_CHGPP","A","2013",2.426974,
"FRA","TRADEGOOD","EXP","PC_CHGPP","A","2014",0.09225857,
"FRA","TRADEGOOD","EXP","PC_CHGPP","A","2015",-13.21214,
"FRA","TRADEGOOD","EXP","PC_CHGPP","A","2016",-1.278884,
"FRA","TRADEGOOD","EXP","PC_CHGPP","A","2017",7.519257,
"FRA","TRADEGOOD","EXP","PC_CHGPP","A","2018",8.421218,
"FRA","TRADEGOOD","EXP","PC_CHGPP","A","2019",-1.66457,
"FRA","TRADEGOOD","EXP","PC_CHGPP","A","2020",-14.72965,
"DEU","TRADEGOOD","EXP","PC_CHGPP","A","2008",8.815256,
"DEU","TRADEGOOD","EXP","PC_CHGPP","A","2009",-22.72231,
"DEU","TRADEGOOD","EXP","PC_CHGPP","A","2010",11.88662,
"DEU","TRADEGOOD","EXP","PC_CHGPP","A","2011",17.33422,
"DEU","TRADEGOOD","EXP","PC_CHGPP","A","2012",-4.006695,
"DEU","TRADEGOOD","EXP","PC_CHGPP","A","2013",3.097769,
"DEU","TRADEGOOD","EXP","PC_CHGPP","A","2014",3.26867,
"DEU","TRADEGOOD","EXP","PC_CHGPP","A","2015",-11.74241,
"DEU","TRADEGOOD","EXP","PC_CHGPP","A","2016",0.4743612,
"DEU","TRADEGOOD","EXP","PC_CHGPP","A","2017",9.003249,
"DEU","TRADEGOOD","EXP","PC_CHGPP","A","2018",8.088151,
"DEU","TRADEGOOD","EXP","PC_CHGPP","A","2019",-4.520386,
"DEU","TRADEGOOD","EXP","PC_CHGPP","A","2020",-7.783941,
"GRC","TRADEGOOD","EXP","PC_CHGPP","A","2008",17.75649,
"GRC","TRADEGOOD","EXP","PC_CHGPP","A","2009",-19.68763,
"GRC","TRADEGOOD","EXP","PC_CHGPP","A","2010",11.2378,
"GRC","TRADEGOOD","EXP","PC_CHGPP","A","2011",20.69221,
"GRC","TRADEGOOD","EXP","PC_CHGPP","A","2012",5.092704,
"GRC","TRADEGOOD","EXP","PC_CHGPP","A","2013",2.408476,
"GRC","TRADEGOOD","EXP","PC_CHGPP","A","2014",-0.3839666,
"GRC","TRADEGOOD","EXP","PC_CHGPP","A","2015",-20.65278,
"GRC","TRADEGOOD","EXP","PC_CHGPP","A","2016",-1.864313,
"GRC","TRADEGOOD","EXP","PC_CHGPP","A","2017",16.17165,
"GRC","TRADEGOOD","EXP","PC_CHGPP","A","2018",21.12237,
"GRC","TRADEGOOD","EXP","PC_CHGPP","A","2019",-4.026321,
"GRC","TRADEGOOD","EXP","PC_CHGPP","A","2020",-7.074684,
"HUN","TRADEGOOD","EXP","PC_CHGPP","A","2008",14.27257,
"HUN","TRADEGOOD","EXP","PC_CHGPP","A","2009",-23.49019,
"HUN","TRADEGOOD","EXP","PC_CHGPP","A","2010",14.88399,
"HUN","TRADEGOOD","EXP","PC_CHGPP","A","2011",18.09379,
"HUN","TRADEGOOD","EXP","PC_CHGPP","A","2012",-7.632201,
"HUN","TRADEGOOD","EXP","PC_CHGPP","A","2013",4.441647,
"HUN","TRADEGOOD","EXP","PC_CHGPP","A","2014",3.927426,
"HUN","TRADEGOOD","EXP","PC_CHGPP","A","2015",-10.59338,
"HUN","TRADEGOOD","EXP","PC_CHGPP","A","2016",2.810109,
"HUN","TRADEGOOD","EXP","PC_CHGPP","A","2017",10.51791,
"HUN","TRADEGOOD","EXP","PC_CHGPP","A","2018",8.688892,
"HUN","TRADEGOOD","EXP","PC_CHGPP","A","2019",-1.409567,
"HUN","TRADEGOOD","EXP","PC_CHGPP","A","2020",-2.042248,
"ISL","TRADEGOOD","EXP","PC_CHGPP","A","2008",26.70461,
"ISL","TRADEGOOD","EXP","PC_CHGPP","A","2009",-24.08059,
"ISL","TRADEGOOD","EXP","PC_CHGPP","A","2010",13.45159,
"ISL","TRADEGOOD","EXP","PC_CHGPP","A","2011",16.23681,
"ISL","TRADEGOOD","EXP","PC_CHGPP","A","2012",-4.978631,
"ISL","TRADEGOOD","EXP","PC_CHGPP","A","2013",-1.308024,
"ISL","TRADEGOOD","EXP","PC_CHGPP","A","2014",1.536803,
"ISL","TRADEGOOD","EXP","PC_CHGPP","A","2015",-5.948529,
"ISL","TRADEGOOD","EXP","PC_CHGPP","A","2016",-5.951725,
"ISL","TRADEGOOD","EXP","PC_CHGPP","A","2017",9.04386,
"ISL","TRADEGOOD","EXP","PC_CHGPP","A","2018",14.68882,
"ISL","TRADEGOOD","EXP","PC_CHGPP","A","2019",-7.315847,
"ISL","TRADEGOOD","EXP","PC_CHGPP","A","2020",-11.40868,
"IRL","TRADEGOOD","EXP","PC_CHGPP","A","2008",3.61427,
"IRL","TRADEGOOD","EXP","PC_CHGPP","A","2009",-8.240095,
"IRL","TRADEGOOD","EXP","PC_CHGPP","A","2010",1.76859,
"IRL","TRADEGOOD","EXP","PC_CHGPP","A","2011",8.308499,
"IRL","TRADEGOOD","EXP","PC_CHGPP","A","2012",-6.861372,
"IRL","TRADEGOOD","EXP","PC_CHGPP","A","2013",-1.475883,
"IRL","TRADEGOOD","EXP","PC_CHGPP","A","2014",4.156703,
"IRL","TRADEGOOD","EXP","PC_CHGPP","A","2015",1.536061,
"IRL","TRADEGOOD","EXP","PC_CHGPP","A","2016",6.093746,
"IRL","TRADEGOOD","EXP","PC_CHGPP","A","2017",5.237898,
"IRL","TRADEGOOD","EXP","PC_CHGPP","A","2018",19.69965,
"IRL","TRADEGOOD","EXP","PC_CHGPP","A","2019",2.899277,
"IRL","TRADEGOOD","EXP","PC_CHGPP","A","2020",5.940659,
"ITA","TRADEGOOD","EXP","PC_CHGPP","A","2008",8.048098,
"ITA","TRADEGOOD","EXP","PC_CHGPP","A","2009",-25.27617,
"ITA","TRADEGOOD","EXP","PC_CHGPP","A","2010",9.785473,
"ITA","TRADEGOOD","EXP","PC_CHGPP","A","2011",17.56044,
"ITA","TRADEGOOD","EXP","PC_CHGPP","A","2012",-4.025895,
"ITA","TRADEGOOD","EXP","PC_CHGPP","A","2013",3.729114,
"ITA","TRADEGOOD","EXP","PC_CHGPP","A","2014",1.893118,
"ITA","TRADEGOOD","EXP","PC_CHGPP","A","2015",-14.02042,
"ITA","TRADEGOOD","EXP","PC_CHGPP","A","2016",1.036094,
"ITA","TRADEGOOD","EXP","PC_CHGPP","A","2017",10.53925,
"ITA","TRADEGOOD","EXP","PC_CHGPP","A","2018",8.287427,
"ITA","TRADEGOOD","EXP","PC_CHGPP","A","2019",-2.120139,
"ITA","TRADEGOOD","EXP","PC_CHGPP","A","2020",-7.545165,
"JPN","TRADEGOOD","EXP","PC_CHGPP","A","2008",9.304392,
"JPN","TRADEGOOD","EXP","PC_CHGPP","A","2009",-25.40377,
"JPN","TRADEGOOD","EXP","PC_CHGPP","A","2010",32.18758,
"JPN","TRADEGOOD","EXP","PC_CHGPP","A","2011",6.757757,
"JPN","TRADEGOOD","EXP","PC_CHGPP","A","2012",-3.323021,
"JPN","TRADEGOOD","EXP","PC_CHGPP","A","2013",-10.17798,
"JPN","TRADEGOOD","EXP","PC_CHGPP","A","2014",-3.372368,
"JPN","TRADEGOOD","EXP","PC_CHGPP","A","2015",-9.529059,
"JPN","TRADEGOOD","EXP","PC_CHGPP","A","2016",2.639024,
"JPN","TRADEGOOD","EXP","PC_CHGPP","A","2017",8.830317,
"JPN","TRADEGOOD","EXP","PC_CHGPP","A","2018",5.74756,
"JPN","TRADEGOOD","EXP","PC_CHGPP","A","2019",-4.466271,
"JPN","TRADEGOOD","EXP","PC_CHGPP","A","2020",-9.486215,
"KOR","TRADEGOOD","EXP","PC_CHGPP","A","2008",13.73425,
"KOR","TRADEGOOD","EXP","PC_CHGPP","A","2009",-14.09724,
"KOR","TRADEGOOD","EXP","PC_CHGPP","A","2010",28.43542,
"KOR","TRADEGOOD","EXP","PC_CHGPP","A","2011",19.30352,
"KOR","TRADEGOOD","EXP","PC_CHGPP","A","2012",-1.276093,
"KOR","TRADEGOOD","EXP","PC_CHGPP","A","2013",2.0572,
"KOR","TRADEGOOD","EXP","PC_CHGPP","A","2014",2.276028,
"KOR","TRADEGOOD","EXP","PC_CHGPP","A","2015",-7.961957,
"KOR","TRADEGOOD","EXP","PC_CHGPP","A","2016",-6.018561,
"KOR","TRADEGOOD","EXP","PC_CHGPP","A","2017",15.82856,
"KOR","TRADEGOOD","EXP","PC_CHGPP","A","2018",5.454927,
"KOR","TRADEGOOD","EXP","PC_CHGPP","A","2019",-10.33509,
"KOR","TRADEGOOD","EXP","PC_CHGPP","A","2020",-5.517469,
"LUX","TRADEGOOD","EXP","PC_CHGPP","A","2008",11.39058,
"LUX","TRADEGOOD","EXP","PC_CHGPP","A","2009",-17.4375,
"LUX","TRADEGOOD","EXP","PC_CHGPP","A","2010",-11.88109,
"LUX","TRADEGOOD","EXP","PC_CHGPP","A","2011",12.02827,
"LUX","TRADEGOOD","EXP","PC_CHGPP","A","2012",-9.983952,
"LUX","TRADEGOOD","EXP","PC_CHGPP","A","2013",-1.578629,
"LUX","TRADEGOOD","EXP","PC_CHGPP","A","2014",3.648381,
"LUX","TRADEGOOD","EXP","PC_CHGPP","A","2015",-10.81545,
"LUX","TRADEGOOD","EXP","PC_CHGPP","A","2016",-7.220462,
"LUX","TRADEGOOD","EXP","PC_CHGPP","A","2017",0.2936885,
"LUX","TRADEGOOD","EXP","PC_CHGPP","A","2018",3.819595,
"LUX","TRADEGOOD","EXP","PC_CHGPP","A","2019",-0.4069764,
"LUX","TRADEGOOD","EXP","PC_CHGPP","A","2020",-16.05172,
"MEX","TRADEGOOD","EXP","PC_CHGPP","A","2008",6.839195,
"MEX","TRADEGOOD","EXP","PC_CHGPP","A","2009",-20.86146,
"MEX","TRADEGOOD","EXP","PC_CHGPP","A","2010",29.74174,
"MEX","TRADEGOOD","EXP","PC_CHGPP","A","2011",17.46336,
"MEX","TRADEGOOD","EXP","PC_CHGPP","A","2012",5.882772,
"MEX","TRADEGOOD","EXP","PC_CHGPP","A","2013",2.487863,
"MEX","TRADEGOOD","EXP","PC_CHGPP","A","2014",4.385713,
"MEX","TRADEGOOD","EXP","PC_CHGPP","A","2015",-4.008335,
"MEX","TRADEGOOD","EXP","PC_CHGPP","A","2016",-1.836565,
"MEX","TRADEGOOD","EXP","PC_CHGPP","A","2017",9.848288,
"MEX","TRADEGOOD","EXP","PC_CHGPP","A","2018",9.855549,
"MEX","TRADEGOOD","EXP","PC_CHGPP","A","2019",2.195498,
"MEX","TRADEGOOD","EXP","PC_CHGPP","A","2020",-9.549187,
"NLD","TRADEGOOD","EXP","PC_CHGPP","A","2008",15.68754,
"NLD","TRADEGOOD","EXP","PC_CHGPP","A","2009",-21.95639,
"NLD","TRADEGOOD","EXP","PC_CHGPP","A","2010",15.04524,
"NLD","TRADEGOOD","EXP","PC_CHGPP","A","2011",16.55987,
"NLD","TRADEGOOD","EXP","PC_CHGPP","A","2012",-1.877823,
"NLD","TRADEGOOD","EXP","PC_CHGPP","A","2013",2.38065,
"NLD","TRADEGOOD","EXP","PC_CHGPP","A","2014",0.3229145,
"NLD","TRADEGOOD","EXP","PC_CHGPP","A","2015",-15.15366,
"NLD","TRADEGOOD","EXP","PC_CHGPP","A","2016",-0.2232732,
"NLD","TRADEGOOD","EXP","PC_CHGPP","A","2017",14.69804,
"NLD","TRADEGOOD","EXP","PC_CHGPP","A","2018",11.23558,
"NLD","TRADEGOOD","EXP","PC_CHGPP","A","2019",-2.627744,
"NLD","TRADEGOOD","EXP","PC_CHGPP","A","2020",-4.867884,
"NZL","TRADEGOOD","EXP","PC_CHGPP","A","2008",13.50774,
"NZL","TRADEGOOD","EXP","PC_CHGPP","A","2009",-18.38744,
"NZL","TRADEGOOD","EXP","PC_CHGPP","A","2010",25.64443,
"NZL","TRADEGOOD","EXP","PC_CHGPP","A","2011",19.78917,
"NZL","TRADEGOOD","EXP","PC_CHGPP","A","2012",-0.9114504,
"NZL","TRADEGOOD","EXP","PC_CHGPP","A","2013",5.664462,
"NZL","TRADEGOOD","EXP","PC_CHGPP","A","2014",5.488066,
"NZL","TRADEGOOD","EXP","PC_CHGPP","A","2015",-17.54498,
"NZL","TRADEGOOD","EXP","PC_CHGPP","A","2016",-1.470168,
"NZL","TRADEGOOD","EXP","PC_CHGPP","A","2017",12.62188,
"NZL","TRADEGOOD","EXP","PC_CHGPP","A","2018",4.172087,
"NZL","TRADEGOOD","EXP","PC_CHGPP","A","2019",-0.524927,
"NZL","TRADEGOOD","EXP","PC_CHGPP","A","2020",-1.052763,
"NOR","TRADEGOOD","EXP","PC_CHGPP","A","2008",25.90088,
"NOR","TRADEGOOD","EXP","PC_CHGPP","A","2009",-32.1033,
"NOR","TRADEGOOD","EXP","PC_CHGPP","A","2010",11.88643,
"NOR","TRADEGOOD","EXP","PC_CHGPP","A","2011",23.30239,
"NOR","TRADEGOOD","EXP","PC_CHGPP","A","2012",-0.2779648,
"NOR","TRADEGOOD","EXP","PC_CHGPP","A","2013",-2.680658,
"NOR","TRADEGOOD","EXP","PC_CHGPP","A","2014",-7.336243,
"NOR","TRADEGOOD","EXP","PC_CHGPP","A","2015",-28.08395,
"NOR","TRADEGOOD","EXP","PC_CHGPP","A","2016",-14.1306,
"NOR","TRADEGOOD","EXP","PC_CHGPP","A","2017",17.11637,
"NOR","TRADEGOOD","EXP","PC_CHGPP","A","2018",17.64694,
"NOR","TRADEGOOD","EXP","PC_CHGPP","A","2019",-15.55319,
"NOR","TRADEGOOD","EXP","PC_CHGPP","A","2020",-20.38364,
"POL","TRADEGOOD","EXP","PC_CHGPP","A","2008",21.26198,
"POL","TRADEGOOD","EXP","PC_CHGPP","A","2009",-19.8719,
"POL","TRADEGOOD","EXP","PC_CHGPP","A","2010",16.8726,
"POL","TRADEGOOD","EXP","PC_CHGPP","A","2011",18.49433,
"POL","TRADEGOOD","EXP","PC_CHGPP","A","2012",-1.771404,
"POL","TRADEGOOD","EXP","PC_CHGPP","A","2013",10.32105,
"POL","TRADEGOOD","EXP","PC_CHGPP","A","2014",7.277539,
"POL","TRADEGOOD","EXP","PC_CHGPP","A","2015",-9.516382,
"POL","TRADEGOOD","EXP","PC_CHGPP","A","2016",2.535565,
"POL","TRADEGOOD","EXP","PC_CHGPP","A","2017",14.85925,
"POL","TRADEGOOD","EXP","PC_CHGPP","A","2018",12.30659,
"POL","TRADEGOOD","EXP","PC_CHGPP","A","2019",1.099161,
"POL","TRADEGOOD","EXP","PC_CHGPP","A","2020",2.536402,
"PRT","TRADEGOOD","EXP","PC_CHGPP","A","2008",8.695753,
"PRT","TRADEGOOD","EXP","PC_CHGPP","A","2009",-22.49019,
"PRT","TRADEGOOD","EXP","PC_CHGPP","A","2010",11.61274,
"PRT","TRADEGOOD","EXP","PC_CHGPP","A","2011",21.15184,
"PRT","TRADEGOOD","EXP","PC_CHGPP","A","2012",-3.022815,
"PRT","TRADEGOOD","EXP","PC_CHGPP","A","2013",8.744338,
"PRT","TRADEGOOD","EXP","PC_CHGPP","A","2014",1.536879,
"PRT","TRADEGOOD","EXP","PC_CHGPP","A","2015",-13.97711,
"PRT","TRADEGOOD","EXP","PC_CHGPP","A","2016",0.5723752,
"PRT","TRADEGOOD","EXP","PC_CHGPP","A","2017",12.75502,
"PRT","TRADEGOOD","EXP","PC_CHGPP","A","2018",9.640943,
"PRT","TRADEGOOD","EXP","PC_CHGPP","A","2019",-1.801692,
"PRT","TRADEGOOD","EXP","PC_CHGPP","A","2020",-8.480328,
"SVK","TRADEGOOD","EXP","PC_CHGPP","A","2008",31.28872,
"SVK","TRADEGOOD","EXP","PC_CHGPP","A","2009",-18.35038,
"SVK","TRADEGOOD","EXP","PC_CHGPP","A","2010",17.1957,
"SVK","TRADEGOOD","EXP","PC_CHGPP","A","2011",21.24904,
"SVK","TRADEGOOD","EXP","PC_CHGPP","A","2012",1.242066,
"SVK","TRADEGOOD","EXP","PC_CHGPP","A","2013",6.173814,
"SVK","TRADEGOOD","EXP","PC_CHGPP","A","2014",1.238095,
"SVK","TRADEGOOD","EXP","PC_CHGPP","A","2015",-13.27301,
"SVK","TRADEGOOD","EXP","PC_CHGPP","A","2016",2.379154,
"SVK","TRADEGOOD","EXP","PC_CHGPP","A","2017",8.880453,
"SVK","TRADEGOOD","EXP","PC_CHGPP","A","2018",11.33608,
"SVK","TRADEGOOD","EXP","PC_CHGPP","A","2019",-4.062967,
"SVK","TRADEGOOD","EXP","PC_CHGPP","A","2020",-3.238193,
"ESP","TRADEGOOD","EXP","PC_CHGPP","A","2008",10.18959,
"ESP","TRADEGOOD","EXP","PC_CHGPP","A","2009",-18.86448,
"ESP","TRADEGOOD","EXP","PC_CHGPP","A","2010",11.76427,
"ESP","TRADEGOOD","EXP","PC_CHGPP","A","2011",20.83902,
"ESP","TRADEGOOD","EXP","PC_CHGPP","A","2012",-3.262681,
"ESP","TRADEGOOD","EXP","PC_CHGPP","A","2013",7.247583,
"ESP","TRADEGOOD","EXP","PC_CHGPP","A","2014",1.886873,
"ESP","TRADEGOOD","EXP","PC_CHGPP","A","2015",-13.04962,
"ESP","TRADEGOOD","EXP","PC_CHGPP","A","2016",3.015553,
"ESP","TRADEGOOD","EXP","PC_CHGPP","A","2017",10.89617,
"ESP","TRADEGOOD","EXP","PC_CHGPP","A","2018",8.083419,
"ESP","TRADEGOOD","EXP","PC_CHGPP","A","2019",-4.065756,
"ESP","TRADEGOOD","EXP","PC_CHGPP","A","2020",-7.745176,
"SWE","TRADEGOOD","EXP","PC_CHGPP","A","2008",8.424376,
"SWE","TRADEGOOD","EXP","PC_CHGPP","A","2009",-28.54913,
"SWE","TRADEGOOD","EXP","PC_CHGPP","A","2010",20.97619,
"SWE","TRADEGOOD","EXP","PC_CHGPP","A","2011",18.50611,
"SWE","TRADEGOOD","EXP","PC_CHGPP","A","2012",-8.193899,
"SWE","TRADEGOOD","EXP","PC_CHGPP","A","2013",-2.603725,
"SWE","TRADEGOOD","EXP","PC_CHGPP","A","2014",-1.73942,
"SWE","TRADEGOOD","EXP","PC_CHGPP","A","2015",-15.02292,
"SWE","TRADEGOOD","EXP","PC_CHGPP","A","2016",-0.7467443,
"SWE","TRADEGOOD","EXP","PC_CHGPP","A","2017",10.25891,
"SWE","TRADEGOOD","EXP","PC_CHGPP","A","2018",8.319954,
"SWE","TRADEGOOD","EXP","PC_CHGPP","A","2019",-3.118059,
"SWE","TRADEGOOD","EXP","PC_CHGPP","A","2020",-3.698627,
"CHE","TRADEGOOD","EXP","PC_CHGPP","A","2008",15.79128,
"CHE","TRADEGOOD","EXP","PC_CHGPP","A","2009",-12.5052,
"CHE","TRADEGOOD","EXP","PC_CHGPP","A","2010",11.56634,
"CHE","TRADEGOOD","EXP","PC_CHGPP","A","2011",20.41237,
"CHE","TRADEGOOD","EXP","PC_CHGPP","A","2012",-4.574861,
"CHE","TRADEGOOD","EXP","PC_CHGPP","A","2013",1.530139,
"CHE","TRADEGOOD","EXP","PC_CHGPP","A","2014",4.977876,
"CHE","TRADEGOOD","EXP","PC_CHGPP","A","2015",-7.46509,
"CHE","TRADEGOOD","EXP","PC_CHGPP","A","2016",1.455147,
"CHE","TRADEGOOD","EXP","PC_CHGPP","A","2017",5.01634,
"CHE","TRADEGOOD","EXP","PC_CHGPP","A","2018",6.114281,
"CHE","TRADEGOOD","EXP","PC_CHGPP","A","2019",2.226049,
"CHE","TRADEGOOD","EXP","PC_CHGPP","A","2020",-1.679144,
"TUR","TRADEGOOD","EXP","PC_CHGPP","A","2008",22.85126,
"TUR","TRADEGOOD","EXP","PC_CHGPP","A","2009",-22.89115,
"TUR","TRADEGOOD","EXP","PC_CHGPP","A","2010",11.96865,
"TUR","TRADEGOOD","EXP","PC_CHGPP","A","2011",18.3641,
"TUR","TRADEGOOD","EXP","PC_CHGPP","A","2012",12.96167,"B"
"TUR","TRADEGOOD","EXP","PC_CHGPP","A","2013",6.317576,
"TUR","TRADEGOOD","EXP","PC_CHGPP","A","2014",2.619862,
"TUR","TRADEGOOD","EXP","PC_CHGPP","A","2015",-9.562052,
"TUR","TRADEGOOD","EXP","PC_CHGPP","A","2016",-0.5880473,
"TUR","TRADEGOOD","EXP","PC_CHGPP","A","2017",9.763417,
"TUR","TRADEGOOD","EXP","PC_CHGPP","A","2018",7.992251,
"TUR","TRADEGOOD","EXP","PC_CHGPP","A","2019",2.057336,
"TUR","TRADEGOOD","EXP","PC_CHGPP","A","2020",-7.006394,
"GBR","TRADEGOOD","EXP","PC_CHGPP","A","2008",3.540254,
"GBR","TRADEGOOD","EXP","PC_CHGPP","A","2009",-22.24608,
"GBR","TRADEGOOD","EXP","PC_CHGPP","A","2010",13.76733,
"GBR","TRADEGOOD","EXP","PC_CHGPP","A","2011",16.86197,
"GBR","TRADEGOOD","EXP","PC_CHGPP","A","2012",-1.477315,
"GBR","TRADEGOOD","EXP","PC_CHGPP","A","2013",-0.5819942,
"GBR","TRADEGOOD","EXP","PC_CHGPP","A","2014",1.532207,
"GBR","TRADEGOOD","EXP","PC_CHGPP","A","2015",-9.887542,
"GBR","TRADEGOOD","EXP","PC_CHGPP","A","2016",-6.413045,
"GBR","TRADEGOOD","EXP","PC_CHGPP","A","2017",7.361871,
"GBR","TRADEGOOD","EXP","PC_CHGPP","A","2018",7.022233,
"GBR","TRADEGOOD","EXP","PC_CHGPP","A","2019",-2.385511,
"GBR","TRADEGOOD","EXP","PC_CHGPP","A","2020",-14.74717,
"USA","TRADEGOOD","EXP","PC_CHGPP","A","2008",12.12718,
"USA","TRADEGOOD","EXP","PC_CHGPP","A","2009",-17.97355,
"USA","TRADEGOOD","EXP","PC_CHGPP","A","2010",21.04289,
"USA","TRADEGOOD","EXP","PC_CHGPP","A","2011",15.8047,
"USA","TRADEGOOD","EXP","PC_CHGPP","A","2012",4.418861,
"USA","TRADEGOOD","EXP","PC_CHGPP","A","2013",2.118001,
"USA","TRADEGOOD","EXP","PC_CHGPP","A","2014",2.707038,
"USA","TRADEGOOD","EXP","PC_CHGPP","A","2015",-7.282888,
"USA","TRADEGOOD","EXP","PC_CHGPP","A","2016",-3.464835,
"USA","TRADEGOOD","EXP","PC_CHGPP","A","2017",6.578122,
"USA","TRADEGOOD","EXP","PC_CHGPP","A","2018",7.708901,
"USA","TRADEGOOD","EXP","PC_CHGPP","A","2019",-1.372886,
"USA","TRADEGOOD","EXP","PC_CHGPP","A","2020",-13.04476,
"ARG","TRADEGOOD","EXP","PC_CHGPP","A","2008",25.07592,
"ARG","TRADEGOOD","EXP","PC_CHGPP","A","2009",-20.49129,
"ARG","TRADEGOOD","EXP","PC_CHGPP","A","2010",22.45653,
"ARG","TRADEGOOD","EXP","PC_CHGPP","A","2011",21.71796,
"ARG","TRADEGOOD","EXP","PC_CHGPP","A","2012",-3.612919,
"ARG","TRADEGOOD","EXP","PC_CHGPP","A","2013",-5.02363,
"ARG","TRADEGOOD","EXP","PC_CHGPP","A","2014",-9.950767,
"ARG","TRADEGOOD","EXP","PC_CHGPP","A","2015",-16.98999,
"ARG","TRADEGOOD","EXP","PC_CHGPP","A","2016",1.984749,
"ARG","TRADEGOOD","EXP","PC_CHGPP","A","2017",1.267484,
"ARG","TRADEGOOD","EXP","PC_CHGPP","A","2018",5.349226,
"ARG","TRADEGOOD","EXP","PC_CHGPP","A","2019",5.3981,
"ARG","TRADEGOOD","EXP","PC_CHGPP","A","2020",-15.7135,
"BRA","TRADEGOOD","EXP","PC_CHGPP","A","2008",21.12032,
"BRA","TRADEGOOD","EXP","PC_CHGPP","A","2009",-21.7337,
"BRA","TRADEGOOD","EXP","PC_CHGPP","A","2010",31.71962,
"BRA","TRADEGOOD","EXP","PC_CHGPP","A","2011",27.02372,
"BRA","TRADEGOOD","EXP","PC_CHGPP","A","2012",-5.549521,
"BRA","TRADEGOOD","EXP","PC_CHGPP","A","2013",-2.746912,
"BRA","TRADEGOOD","EXP","PC_CHGPP","A","2014",-4.952899,
"BRA","TRADEGOOD","EXP","PC_CHGPP","A","2015",-15.54074,
"BRA","TRADEGOOD","EXP","PC_CHGPP","A","2016",-4.338928,
"BRA","TRADEGOOD","EXP","PC_CHGPP","A","2017",20.77701,
"BRA","TRADEGOOD","EXP","PC_CHGPP","A","2018",7.724638,
"BRA","TRADEGOOD","EXP","PC_CHGPP","A","2019",-4.615406,
"BRA","TRADEGOOD","EXP","PC_CHGPP","A","2020",-6.01293,
"CHL","TRADEGOOD","EXP","PC_CHGPP","A","2008",-6.254518,
"CHL","TRADEGOOD","EXP","PC_CHGPP","A","2009",-13.59079,
"CHL","TRADEGOOD","EXP","PC_CHGPP","A","2010",28.52011,
"CHL","TRADEGOOD","EXP","PC_CHGPP","A","2011",14.65966,
"CHL","TRADEGOOD","EXP","PC_CHGPP","A","2012",-4.366481,
"CHL","TRADEGOOD","EXP","PC_CHGPP","A","2013",-1.668511,
"CHL","TRADEGOOD","EXP","PC_CHGPP","A","2014",-2.297151,
"CHL","TRADEGOOD","EXP","PC_CHGPP","A","2015",-17.52216,
"CHL","TRADEGOOD","EXP","PC_CHGPP","A","2016",-2.044586,
"CHL","TRADEGOOD","EXP","PC_CHGPP","A","2017",13.57329,
"CHL","TRADEGOOD","EXP","PC_CHGPP","A","2018",8.375405,
"CHL","TRADEGOOD","EXP","PC_CHGPP","A","2019",-8.210402,
"CHL","TRADEGOOD","EXP","PC_CHGPP","A","2020",7.637784,
"CHN","TRADEGOOD","EXP","PC_CHGPP","A","2008",17.44102,
"CHN","TRADEGOOD","EXP","PC_CHGPP","A","2009",-16.44145,
"CHN","TRADEGOOD","EXP","PC_CHGPP","A","2010",31.643,
"CHN","TRADEGOOD","EXP","PC_CHGPP","A","2011",20.12452,
"CHN","TRADEGOOD","EXP","PC_CHGPP","A","2012",8.054501,
"CHN","TRADEGOOD","EXP","PC_CHGPP","A","2013",8.302264,
"CHN","TRADEGOOD","EXP","PC_CHGPP","A","2014",5.211479,
"CHN","TRADEGOOD","EXP","PC_CHGPP","A","2015",-1.74701,
"CHN","TRADEGOOD","EXP","PC_CHGPP","A","2016",-8.25671,
"CHN","TRADEGOOD","EXP","PC_CHGPP","A","2017",8.036715,
"CHN","TRADEGOOD","EXP","PC_CHGPP","A","2018",11.0508,
"CHN","TRADEGOOD","EXP","PC_CHGPP","A","2019",-0.6918598,
"CHN","TRADEGOOD","EXP","PC_CHGPP","A","2020",2.353858,
"COL","TRADEGOOD","EXP","PC_CHGPP","A","2008",25.5577,
"COL","TRADEGOOD","EXP","PC_CHGPP","A","2009",-12.59998,
"COL","TRADEGOOD","EXP","PC_CHGPP","A","2010",20.87041,
"COL","TRADEGOOD","EXP","PC_CHGPP","A","2011",43.37302,
"COL","TRADEGOOD","EXP","PC_CHGPP","A","2012",5.851853,
"COL","TRADEGOOD","EXP","PC_CHGPP","A","2013",-2.261509,
"COL","TRADEGOOD","EXP","PC_CHGPP","A","2014",-6.750113,
"COL","TRADEGOOD","EXP","PC_CHGPP","A","2015",-34.36671,
"COL","TRADEGOOD","EXP","PC_CHGPP","A","2016",-12.01053,
"COL","TRADEGOOD","EXP","PC_CHGPP","A","2017",19.8887,
"COL","TRADEGOOD","EXP","PC_CHGPP","A","2018",10.24264,
"COL","TRADEGOOD","EXP","PC_CHGPP","A","2019",-5.731479,
"COL","TRADEGOOD","EXP","PC_CHGPP","A","2020",-21.05303,
"CRI","TRADEGOOD","EXP","PC_CHGPP","A","2008",0.3911023,
"CRI","TRADEGOOD","EXP","PC_CHGPP","A","2009",-7.813036,
"CRI","TRADEGOOD","EXP","PC_CHGPP","A","2010",2.585246,
"CRI","TRADEGOOD","EXP","PC_CHGPP","A","2011",12.87864,
"CRI","TRADEGOOD","EXP","PC_CHGPP","A","2012",10.14603,
"CRI","TRADEGOOD","EXP","PC_CHGPP","A","2013",1.997489,
"CRI","TRADEGOOD","EXP","PC_CHGPP","A","2014",-2.274721,
"CRI","TRADEGOOD","EXP","PC_CHGPP","A","2015",-16.16778,
"CRI","TRADEGOOD","EXP","PC_CHGPP","A","2016",11.36486,
"CRI","TRADEGOOD","EXP","PC_CHGPP","A","2017",4.305039,
"CRI","TRADEGOOD","EXP","PC_CHGPP","A","2018",5.015447,
"CRI","TRADEGOOD","EXP","PC_CHGPP","A","2019",3.316423,
"CRI","TRADEGOOD","EXP","PC_CHGPP","A","2020",4.996699,
"EST","TRADEGOOD","EXP","PC_CHGPP","A","2008",12.96238,
"EST","TRADEGOOD","EXP","PC_CHGPP","A","2009",-27.32955,
"EST","TRADEGOOD","EXP","PC_CHGPP","A","2010",27.58137,
"EST","TRADEGOOD","EXP","PC_CHGPP","A","2011",44.10363,
"EST","TRADEGOOD","EXP","PC_CHGPP","A","2012",-3.262045,
"EST","TRADEGOOD","EXP","PC_CHGPP","A","2013",1.552809,
"EST","TRADEGOOD","EXP","PC_CHGPP","A","2014",-1.604253,
"EST","TRADEGOOD","EXP","PC_CHGPP","A","2015",-20.08206,
"EST","TRADEGOOD","EXP","PC_CHGPP","A","2016",1.976466,
"EST","TRADEGOOD","EXP","PC_CHGPP","A","2017",10.7684,
"EST","TRADEGOOD","EXP","PC_CHGPP","A","2018",17.32028,
"EST","TRADEGOOD","EXP","PC_CHGPP","A","2019",-5.326064,
"EST","TRADEGOOD","EXP","PC_CHGPP","A","2020",1.135139,
"IND","TRADEGOOD","EXP","PC_CHGPP","A","2008",29.23193,
"IND","TRADEGOOD","EXP","PC_CHGPP","A","2009",-14.93937,
"IND","TRADEGOOD","EXP","PC_CHGPP","A","2010",37.06211,
"IND","TRADEGOOD","EXP","PC_CHGPP","A","2011",33.6949,
"IND","TRADEGOOD","EXP","PC_CHGPP","A","2012",-2.215394,
"IND","TRADEGOOD","EXP","PC_CHGPP","A","2013",6.235104,
"IND","TRADEGOOD","EXP","PC_CHGPP","A","2014",2.522888,
"IND","TRADEGOOD","EXP","PC_CHGPP","A","2015",-16.93103,
"IND","TRADEGOOD","EXP","PC_CHGPP","A","2016",-1.383579,
"IND","TRADEGOOD","EXP","PC_CHGPP","A","2017",13.03374,
"IND","TRADEGOOD","EXP","PC_CHGPP","A","2018",8.788484,
"IND","TRADEGOOD","EXP","PC_CHGPP","A","2019",-0.2973678,
"IND","TRADEGOOD","EXP","PC_CHGPP","A","2020",-14.9115,
"IDN","TRADEGOOD","EXP","PC_CHGPP","A","2008",16.2948,
"IDN","TRADEGOOD","EXP","PC_CHGPP","A","2009",-12.68152,
"IDN","TRADEGOOD","EXP","PC_CHGPP","A","2010",35.40012,
"IDN","TRADEGOOD","EXP","PC_CHGPP","A","2011",27.75277,
"IDN","TRADEGOOD","EXP","PC_CHGPP","A","2012",-5.629268,
"IDN","TRADEGOOD","EXP","PC_CHGPP","A","2013",-4.402564,
"IDN","TRADEGOOD","EXP","PC_CHGPP","A","2014",-3.477585,
"IDN","TRADEGOOD","EXP","PC_CHGPP","A","2015",-14.31241,
"IDN","TRADEGOOD","EXP","PC_CHGPP","A","2016",-4.123112,
"IDN","TRADEGOOD","EXP","PC_CHGPP","A","2017",16.61579,
"IDN","TRADEGOOD","EXP","PC_CHGPP","A","2018",6.21801,
"IDN","TRADEGOOD","EXP","PC_CHGPP","A","2019",-6.546557,
"IDN","TRADEGOOD","EXP","PC_CHGPP","A","2020",-1.769781,
"ISR","TRADEGOOD","EXP","PC_CHGPP","A","2008",12.0277,
"ISR","TRADEGOOD","EXP","PC_CHGPP","A","2009",-18.06735,
"ISR","TRADEGOOD","EXP","PC_CHGPP","A","2010",21.02287,
"ISR","TRADEGOOD","EXP","PC_CHGPP","A","2011",14.2104,
"ISR","TRADEGOOD","EXP","PC_CHGPP","A","2012",-7.069374,
"ISR","TRADEGOOD","EXP","PC_CHGPP","A","2013",5.37214,
"ISR","TRADEGOOD","EXP","PC_CHGPP","A","2014",1.207359,
"ISR","TRADEGOOD","EXP","PC_CHGPP","A","2015",-7.259315,
"ISR","TRADEGOOD","EXP","PC_CHGPP","A","2016",-2.229017,
"ISR","TRADEGOOD","EXP","PC_CHGPP","A","2017",1.558423,
"ISR","TRADEGOOD","EXP","PC_CHGPP","A","2018",1.665736,
"ISR","TRADEGOOD","EXP","PC_CHGPP","A","2019",-3.977577,
"ISR","TRADEGOOD","EXP","PC_CHGPP","A","2020",-8.364624,
"LVA","TRADEGOOD","EXP","PC_CHGPP","A","2008",21.82185,
"LVA","TRADEGOOD","EXP","PC_CHGPP","A","2009",-23.63116,
"LVA","TRADEGOOD","EXP","PC_CHGPP","A","2010",22.60218,
"LVA","TRADEGOOD","EXP","PC_CHGPP","A","2011",38.97926,
"LVA","TRADEGOOD","EXP","PC_CHGPP","A","2012",6.318667,
"LVA","TRADEGOOD","EXP","PC_CHGPP","A","2013",3.641536,
"LVA","TRADEGOOD","EXP","PC_CHGPP","A","2014",1.924419,
"LVA","TRADEGOOD","EXP","PC_CHGPP","A","2015",-16.57143,
"LVA","TRADEGOOD","EXP","PC_CHGPP","A","2016",-0.823215,
"LVA","TRADEGOOD","EXP","PC_CHGPP","A","2017",14.61176,
"LVA","TRADEGOOD","EXP","PC_CHGPP","A","2018",15.43629,
"LVA","TRADEGOOD","EXP","PC_CHGPP","A","2019",-2.768637,
"LVA","TRADEGOOD","EXP","PC_CHGPP","A","2020",3.385761,
"LTU","TRADEGOOD","EXP","PC_CHGPP","A","2008",37.45935,
"LTU","TRADEGOOD","EXP","PC_CHGPP","A","2009",-30.21042,
"LTU","TRADEGOOD","EXP","PC_CHGPP","A","2010",25.03484,
"LTU","TRADEGOOD","EXP","PC_CHGPP","A","2011",36.20264,
"LTU","TRADEGOOD","EXP","PC_CHGPP","A","2012",5.124011,
"LTU","TRADEGOOD","EXP","PC_CHGPP","A","2013",10.87289,
"LTU","TRADEGOOD","EXP","PC_CHGPP","A","2014",-1.086094,
"LTU","TRADEGOOD","EXP","PC_CHGPP","A","2015",-21.51873,
"LTU","TRADEGOOD","EXP","PC_CHGPP","A","2016",-1.889262,
"LTU","TRADEGOOD","EXP","PC_CHGPP","A","2017",19.82373,
"LTU","TRADEGOOD","EXP","PC_CHGPP","A","2018",11.8904,
"LTU","TRADEGOOD","EXP","PC_CHGPP","A","2019",-0.4511854,
"LTU","TRADEGOOD","EXP","PC_CHGPP","A","2020",-2.152674,
"RUS","TRADEGOOD","EXP","PC_CHGPP","A","2008",35.07412,
"RUS","TRADEGOOD","EXP","PC_CHGPP","A","2009",-36.60166,
"RUS","TRADEGOOD","EXP","PC_CHGPP","A","2010",32.64075,
"RUS","TRADEGOOD","EXP","PC_CHGPP","A","2011",31.46224,
"RUS","TRADEGOOD","EXP","PC_CHGPP","A","2012",2.607401,
"RUS","TRADEGOOD","EXP","PC_CHGPP","A","2013",-1.292473,
"RUS","TRADEGOOD","EXP","PC_CHGPP","A","2014",-4.528193,
"RUS","TRADEGOOD","EXP","PC_CHGPP","A","2015",-31.2807,
"RUS","TRADEGOOD","EXP","PC_CHGPP","A","2016",-17.95333,
"RUS","TRADEGOOD","EXP","PC_CHGPP","A","2017",25.52273,
"RUS","TRADEGOOD","EXP","PC_CHGPP","A","2018",25.61614,
"RUS","TRADEGOOD","EXP","PC_CHGPP","A","2019",-5.20596,
"RUS","TRADEGOOD","EXP","PC_CHGPP","A","2020",-20.87623,
"SAU","TRADEGOOD","EXP","PC_CHGPP","A","2008",34.44138,
"SAU","TRADEGOOD","EXP","PC_CHGPP","A","2009",-38.65434,
"SAU","TRADEGOOD","EXP","PC_CHGPP","A","2010",30.59431,
"SAU","TRADEGOOD","EXP","PC_CHGPP","A","2011",45.23059,
"SAU","TRADEGOOD","EXP","PC_CHGPP","A","2012",6.455372,
"SAU","TRADEGOOD","EXP","PC_CHGPP","A","2013",-3.195632,
"SAU","TRADEGOOD","EXP","PC_CHGPP","A","2014",-8.896379,
"SAU","TRADEGOOD","EXP","PC_CHGPP","A","2015",-40.55801,
"SAU","TRADEGOOD","EXP","PC_CHGPP","A","2016",-9.723839,
"SAU","TRADEGOOD","EXP","PC_CHGPP","A","2017",20.72245,
"SAU","TRADEGOOD","EXP","PC_CHGPP","A","2018",32.69928,
"SAU","TRADEGOOD","EXP","PC_CHGPP","A","2019",-11.13217,
"SAU","TRADEGOOD","EXP","PC_CHGPP","A","2020",-33.54294,
"SVN","TRADEGOOD","EXP","PC_CHGPP","A","2008",12.43417,
"SVN","TRADEGOOD","EXP","PC_CHGPP","A","2009",-24.39248,
"SVN","TRADEGOOD","EXP","PC_CHGPP","A","2010",11.44176,
"SVN","TRADEGOOD","EXP","PC_CHGPP","A","2011",19.6288,
"SVN","TRADEGOOD","EXP","PC_CHGPP","A","2012",-5.957225,
"SVN","TRADEGOOD","EXP","PC_CHGPP","A","2013",5.655488,
"SVN","TRADEGOOD","EXP","PC_CHGPP","A","2014",5.207939,
"SVN","TRADEGOOD","EXP","PC_CHGPP","A","2015",-12.00547,
"SVN","TRADEGOOD","EXP","PC_CHGPP","A","2016",3.596885,
"SVN","TRADEGOOD","EXP","PC_CHGPP","A","2017",17.53823,
"SVN","TRADEGOOD","EXP","PC_CHGPP","A","2018",15.44312,
"SVN","TRADEGOOD","EXP","PC_CHGPP","A","2019",1.516398,
"SVN","TRADEGOOD","EXP","PC_CHGPP","A","2020",-1.670356,
"ZAF","TRADEGOOD","EXP","PC_CHGPP","A","2008",15.20371,
"ZAF","TRADEGOOD","EXP","PC_CHGPP","A","2009",-22.25453,
"ZAF","TRADEGOOD","EXP","PC_CHGPP","A","2010",45.85284,
"ZAF","TRADEGOOD","EXP","PC_CHGPP","A","2011",19.75368,
"ZAF","TRADEGOOD","EXP","PC_CHGPP","A","2012",-8.809857,
"ZAF","TRADEGOOD","EXP","PC_CHGPP","A","2013",-3.623323,
"ZAF","TRADEGOOD","EXP","PC_CHGPP","A","2014",-4.781551,
"ZAF","TRADEGOOD","EXP","PC_CHGPP","A","2015",-10.44022,
"ZAF","TRADEGOOD","EXP","PC_CHGPP","A","2016",-6.594437,
"ZAF","TRADEGOOD","EXP","PC_CHGPP","A","2017",16.9886,
"ZAF","TRADEGOOD","EXP","PC_CHGPP","A","2018",5.589871,
"ZAF","TRADEGOOD","EXP","PC_CHGPP","A","2019",-4.519666,
"ZAF","TRADEGOOD","EXP","PC_CHGPP","A","2020",-5.01421,
"OECD","TRADEGOOD","EXP","PC_CHGPP","A","2008",11.15185,
"OECD","TRADEGOOD","EXP","PC_CHGPP","A","2009",-21.73934,
"OECD","TRADEGOOD","EXP","PC_CHGPP","A","2010",17.00708,
"OECD","TRADEGOOD","EXP","PC_CHGPP","A","2011",16.7786,
"OECD","TRADEGOOD","EXP","PC_CHGPP","A","2012",-1.754032,"B"
"OECD","TRADEGOOD","EXP","PC_CHGPP","A","2013",1.597512,
"OECD","TRADEGOOD","EXP","PC_CHGPP","A","2014",1.616878,
"OECD","TRADEGOOD","EXP","PC_CHGPP","A","2015",-11.59844,
"OECD","TRADEGOOD","EXP","PC_CHGPP","A","2016",-1.128543,
"OECD","TRADEGOOD","EXP","PC_CHGPP","A","2017",9.873581,
"OECD","TRADEGOOD","EXP","PC_CHGPP","A","2018",8.527844,
"OECD","TRADEGOOD","EXP","PC_CHGPP","A","2019",-2.620322,
"OECD","TRADEGOOD","EXP","PC_CHGPP","A","2020",-8.251042,
"G-7","TRADEGOOD","EXP","PC_CHGPP","A","2008",9.199078,
"G-7","TRADEGOOD","EXP","PC_CHGPP","A","2009",-22.69591,
"G-7","TRADEGOOD","EXP","PC_CHGPP","A","2010",17.09513,
"G-7","TRADEGOOD","EXP","PC_CHGPP","A","2011",14.98852,
"G-7","TRADEGOOD","EXP","PC_CHGPP","A","2012",-1.258251,
"G-7","TRADEGOOD","EXP","PC_CHGPP","A","2013",0.4818297,
"G-7","TRADEGOOD","EXP","PC_CHGPP","A","2014",1.772434,
"G-7","TRADEGOOD","EXP","PC_CHGPP","A","2015",-10.6344,
"G-7","TRADEGOOD","EXP","PC_CHGPP","A","2016",-1.497708,
"G-7","TRADEGOOD","EXP","PC_CHGPP","A","2017",8.085367,
"G-7","TRADEGOOD","EXP","PC_CHGPP","A","2018",7.589365,
"G-7","TRADEGOOD","EXP","PC_CHGPP","A","2019",-2.7202,
"G-7","TRADEGOOD","EXP","PC_CHGPP","A","2020",-11.00327,
"G-20","TRADEGOOD","EXP","PC_CHGPP","A","2008",13.18669,
"G-20","TRADEGOOD","EXP","PC_CHGPP","A","2009",-21.88242,
"G-20","TRADEGOOD","EXP","PC_CHGPP","A","2010",20.78291,
"G-20","TRADEGOOD","EXP","PC_CHGPP","A","2011",18.88935,
"G-20","TRADEGOOD","EXP","PC_CHGPP","A","2012",-0.1805645,"B"
"G-20","TRADEGOOD","EXP","PC_CHGPP","A","2013",2.346985,
"G-20","TRADEGOOD","EXP","PC_CHGPP","A","2014",1.492862,
"G-20","TRADEGOOD","EXP","PC_CHGPP","A","2015",-11.38048,
"G-20","TRADEGOOD","EXP","PC_CHGPP","A","2016",-2.967527,
"G-20","TRADEGOOD","EXP","PC_CHGPP","A","2017",10.37416,
"G-20","TRADEGOOD","EXP","PC_CHGPP","A","2018",9.85432,
"G-20","TRADEGOOD","EXP","PC_CHGPP","A","2019",-2.470061,
"G-20","TRADEGOOD","EXP","PC_CHGPP","A","2020",-7.529187,
"EA19","TRADEGOOD","EXP","PC_CHGPP","A","2008",10.80553,
"EA19","TRADEGOOD","EXP","PC_CHGPP","A","2009",-21.96996,
"EA19","TRADEGOOD","EXP","PC_CHGPP","A","2010",14.07858,
"EA19","TRADEGOOD","EXP","PC_CHGPP","A","2011",19.11307,
"EA19","TRADEGOOD","EXP","PC_CHGPP","A","2012",-0.09341603,
"EA19","TRADEGOOD","EXP","PC_CHGPP","A","2013",4.328168,
"EA19","TRADEGOOD","EXP","PC_CHGPP","A","2014",2.133708,
"EA19","TRADEGOOD","EXP","PC_CHGPP","A","2015",-12.34798,
"EA19","TRADEGOOD","EXP","PC_CHGPP","A","2016",-0.03754001,
"EA19","TRADEGOOD","EXP","PC_CHGPP","A","2017",9.571627,
"EA19","TRADEGOOD","EXP","PC_CHGPP","A","2018",9.039483,
"EA19","TRADEGOOD","EXP","PC_CHGPP","A","2019",-2.431594,
"EA19","TRADEGOOD","EXP","PC_CHGPP","A","2020",-7.910322,
"EU27_2020","TRADEGOOD","EXP","PC_CHGPP","A","2008",10.24143,
"EU27_2020","TRADEGOOD","EXP","PC_CHGPP","A","2009",-22.03916,
"EU27_2020","TRADEGOOD","EXP","PC_CHGPP","A","2010",11.91438,
"EU27_2020","TRADEGOOD","EXP","PC_CHGPP","A","2011",17.4916,
"EU27_2020","TRADEGOOD","EXP","PC_CHGPP","A","2012",-3.997112,
"EU27_2020","TRADEGOOD","EXP","PC_CHGPP","A","2013",3.740798,
"EU27_2020","TRADEGOOD","EXP","PC_CHGPP","A","2014",1.963307,
"EU27_2020","TRADEGOOD","EXP","PC_CHGPP","A","2015",-12.9837,
"EU27_2020","TRADEGOOD","EXP","PC_CHGPP","A","2016",0.6969047,
"EU27_2020","TRADEGOOD","EXP","PC_CHGPP","A","2017",10.29888,
"EU27_2020","TRADEGOOD","EXP","PC_CHGPP","A","2018",9.801709,
"EU27_2020","TRADEGOOD","EXP","PC_CHGPP","A","2019",-2.748227,
"EU27_2020","TRADEGOOD","EXP","PC_CHGPP","A","2020",-6.735965,
